{"0": {"beat_coefs199": 1.3668680042874391e-05, "beat_coefs59": 1.4960240009337304e-05, "gfccs195": 0.00063938091652542646, "beat_coefs168": 0.0020743714765354966, "gfccs414": 0.9967579515623558, "beat_coefs475": 3.4592832496467836e-05, "beat_coefs186": 3.1982422824910013e-05, "beat_coefs37": 6.6000556971951084e-06, "beat_coefs22": 2.1219577433171029e-05, "beat_coefs233": 9.8407617654265819e-06}, "1": {"beat_coefs490": 3.1092015669665821e-06, "beat_coefs199": 1.8070182943919131e-06, "beat_coefs233": 1.8560391204068436e-06, "beat_coefs296": 2.2568513417896176e-06, "beat_coefs183": 2.3183695194231219e-06, "beat_coefs197": 3.2350938641380858e-06, "beat_coefs34": 1.824301800069952e-06, "beat_coefs22": 4.4113529910406958e-06, "chroma19": 0.99993241284448231, "beat_coefs231": 2.8273297906579687e-06}, "2": {"beat_coefs314": 2.271405288801094e-05, "gfccs93": 0.0022023774894416297, "beat_coefs22": 2.2939889179529125e-05, "beat_coefs54": 0.0027345905817803369, "beat_coefs169": 0.00023813068332157193, "beat_coefs243": 2.5928298760424348e-05, "gfccs263": 0.023652276782887147, "chroma14": 0.9679951571578107, "beat_coefs183": 3.7941407835629717e-05, "gfccs31": 0.002839927433045434}, "3": {"beat_coefs163": 0.0018806279829906508, "gfccs148": 0.77706570316663404, "beat_coefs243": 0.0012486936442836635, "beat_coefs296": 0.00096922535941896171, "beat_coefs192": 0.00096148401128205946, "beat_coefs131": 0.0029728046917292953, "gfccs370": 0.1002632356827281, "beat_coefs36": 0.0013564012468341795, "beat_coefs22": 0.00082527341727093347, "gfccs96": 0.10662192291638362}, "4": {"beat_coefs163": 0.00011647643771778438, "beat_coefs496": 0.00021815618696814057, "beat_coefs54": 0.00037421764641113348, "gfccs199": 0.8580734868667601, "gfccs260": 0.0039962252214739711, "gfccs388": 0.021950535439228237, "gfccs470": 0.0064485585266503206, "gfccs32": 0.014405456412748317, "beat_coefs34": 0.073522240465683758, "gfccs378": 0.019491626392246872}, "5": {"gfccs147": 0.037735313163723888, "gfccs60": 0.020297863295376618, "gfccs64": 0.018458888660616974, "chroma15": 0.17300795315586692, "gfccs463": 0.038156128609207279, "chroma11": 0.068105223972755355, "chroma13": 0.077362748380871052, "chroma12": 0.15535243819169473, "gfccs90": 0.033549697176608891, "gfccs35": 0.026767800345118779}, "6": {"beat_coefs59": 7.5634248058204673e-09, "beat_coefs312": 7.7320752404129198e-09, "gfccs265": 0.99999829058088696, "beat_coefs169": 1.1503459514159525e-07, "beat_coefs245": 1.0094109586079586e-07, "beat_coefs241": 7.666461818148244e-09, "beat_coefs238": 2.6949430728846357e-08, "beat_coefs199": 4.0199384701513281e-08, "beat_coefs232": 1.3479400641560323e-07, "beat_coefs226": 3.9401177633039506e-08}, "7": {"gfccs156": 0.041302702664609989, "gfccs198": 0.46648463067085011, "gfccs66": 0.057099800353788248, "gfccs376": 0.092834059093829038, "beat_coefs54": 0.0016262453400921388, "beat_coefs183": 0.0067464614306810737, "gfccs464": 0.010949417330325692, "gfccs91": 0.010703297633915749, "beat_coefs34": 0.00019482343848512319, "gfccs469": 0.31170614735435803}, "8": {"beat_coefs199": 1.2733508821683288e-06, "beat_coefs38": 5.5462684227217243e-06, "beat_coefs297": 7.9705490604931246e-06, "chroma17": 0.5376162878283236, "chroma16": 0.39241819085680002, "beat_coefs475": 2.5562885347004286e-06, "beat_coefs197": 1.3089618438788495e-06, "chroma13": 0.069925530325326613, "beat_coefs34": 4.2237707722595262e-06, "beat_coefs22": 1.9446324601373011e-06}, "9": {"beat_coefs199": 8.8533920776423637e-07, "beat_coefs59": 1.056090086661613e-06, "beat_coefs312": 5.4595330591774332e-07, "beat_coefs232": 5.7388312025257749e-07, "beat_coefs475": 2.605610761872109e-06, "chroma10": 0.5515025024383754, "beat_coefs38": 8.957140230619702e-07, "beat_coefs37": 5.2686833398056017e-07, "beat_coefs22": 1.3175776145977139e-06, "chroma18": 0.44847903764565866}}